Instancia,Incumbent,BestBd,Gap,TempoExecucao(s),NosExplorados
instances/scenario1/correlated_sc1/1000/kpfs_1.txt,591,1633,1.76311,1800.07,586
instances/scenario1/correlated_sc1/1000/kpfs_10.txt,559,1617,1.89267,1800.48,906
instances/scenario1/correlated_sc1/1000/kpfs_2.txt,531,1636,2.08098,1800.06,906
instances/scenario1/correlated_sc1/1000/kpfs_3.txt,562,1633,1.90569,1800.05,651
instances/scenario1/correlated_sc1/1000/kpfs_4.txt,532,1625,2.05451,1800.02,921
instances/scenario1/correlated_sc1/1000/kpfs_5.txt,597,1587,1.65829,1800.02,860
instances/scenario1/correlated_sc1/1000/kpfs_6.txt,654,1639,1.50612,1800.22,849
instances/scenario1/correlated_sc1/1000/kpfs_7.txt,514,1639,2.18872,1800.49,910
instances/scenario1/correlated_sc1/1000/kpfs_8.txt,537,1592,1.96462,1800.05,900
instances/scenario1/correlated_sc1/1000/kpfs_9.txt,535,1594,1.97944,1800.04,946
instances/scenario1/correlated_sc1/300/kpfs_1.txt,734,871,0.186649,1800.05,36648
instances/scenario1/correlated_sc1/300/kpfs_10.txt,764,857,0.121728,1800.03,48671
instances/scenario1/correlated_sc1/300/kpfs_2.txt,774,869,0.122739,1800.04,42766
instances/scenario1/correlated_sc1/300/kpfs_3.txt,783,873,0.114943,1800.02,41784
instances/scenario1/correlated_sc1/300/kpfs_4.txt,772,865,0.120466,1800.02,42239
instances/scenario1/correlated_sc1/300/kpfs_5.txt,742,895,0.206199,1800.03,25729
instances/scenario1/correlated_sc1/300/kpfs_6.txt,757,845,0.116248,1800.04,50219
instances/scenario1/correlated_sc1/300/kpfs_7.txt,754,855,0.133952,1800.03,27187
instances/scenario1/correlated_sc1/300/kpfs_8.txt,750,892,0.189333,1800.02,17055
instances/scenario1/correlated_sc1/300/kpfs_9.txt,766,898,0.172324,1800.03,20187
instances/scenario1/correlated_sc1/500/kpfs_1.txt,845,1289,0.525444,1800.01,3675
instances/scenario1/correlated_sc1/500/kpfs_10.txt,786,1282,0.631043,1800.04,3653
instances/scenario1/correlated_sc1/500/kpfs_3.txt,865,1277,0.476301,1800.02,4682
instances/scenario1/correlated_sc1/500/kpfs_4.txt,807,1286,0.593556,1800.02,2940
instances/scenario1/correlated_sc1/500/kpfs_5.txt,718,1277,0.778552,1800.02,3525
instances/scenario1/correlated_sc1/500/kpfs_6.txt,758,1296,0.709763,1800.02,3084
instances/scenario1/correlated_sc1/500/kpfs_7.txt,808,1287,0.592822,1800.04,3377
instances/scenario1/correlated_sc1/500/kpfs_8.txt,762,1287,0.688976,1800.02,3081
instances/scenario1/correlated_sc1/500/kpfs_9.txt,821,1287,0.5676,1800.02,3521
instances/scenario1/correlated_sc1/700/kpfs_1.txt,696,1543,1.21695,1800.02,1158
instances/scenario1/correlated_sc1/700/kpfs_10.txt,691,1533,1.21852,1800.02,1172
instances/scenario1/correlated_sc1/700/kpfs_2.txt,672,1480,1.20238,1800.02,1168
instances/scenario1/correlated_sc1/700/kpfs_3.txt,759,1486,0.957839,1800.02,1131
instances/scenario1/correlated_sc1/700/kpfs_4.txt,723,1538,1.12725,1800.02,1221
instances/scenario1/correlated_sc1/700/kpfs_5.txt,691,1502,1.17366,1800.04,1398
instances/scenario1/correlated_sc1/700/kpfs_6.txt,702,1493,1.12678,1800.02,1128
instances/scenario1/correlated_sc1/700/kpfs_7.txt,754,1539,1.04111,1800.02,1392
instances/scenario1/correlated_sc1/700/kpfs_8.txt,667,1515,1.27136,1800.02,1363
instances/scenario1/correlated_sc1/700/kpfs_9.txt,727,1520,1.09078,1800.01,1544
instances/scenario1/correlated_sc1/800/kpfs_1.txt,632,1527,1.41614,1800.03,989
instances/scenario1/correlated_sc1/800/kpfs_10.txt,596,1527,1.56208,1800.02,1075
instances/scenario1/correlated_sc1/800/kpfs_2.txt,641,1554,1.42434,1800.01,1053
instances/scenario1/correlated_sc1/800/kpfs_3.txt,702,1535,1.18661,1800.02,1312
instances/scenario1/correlated_sc1/800/kpfs_4.txt,698,1544,1.21203,1800.02,1369
instances/scenario1/correlated_sc1/800/kpfs_5.txt,662,1523,1.3006,1800.01,1792
instances/scenario1/correlated_sc1/800/kpfs_6.txt,627,1537,1.45136,1800.01,2115
instances/scenario1/correlated_sc1/800/kpfs_7.txt,615,1522,1.4748,1800.01,2175
instances/scenario1/correlated_sc1/800/kpfs_8.txt,656,1492,1.27439,1800.01,2618
instances/scenario1/correlated_sc1/800/kpfs_9.txt,615,1476,1.4,1800.01,2380
instances/scenario1/fully_correlated_sc1/1000/kpfs_1.txt,681,1588,1.33186,1800.01,1542
instances/scenario1/fully_correlated_sc1/1000/kpfs_10.txt,651,1648,1.53149,1800.05,426
instances/scenario1/fully_correlated_sc1/1000/kpfs_2.txt,582,1647,1.8299,1800.02,471
instances/scenario1/fully_correlated_sc1/1000/kpfs_3.txt,604,1636,1.70861,1800.02,595
instances/scenario1/fully_correlated_sc1/1000/kpfs_4.txt,614,1652,1.69055,1800.3,1081
instances/scenario1/fully_correlated_sc1/1000/kpfs_5.txt,638,1620,1.53918,1800.03,743
instances/scenario1/fully_correlated_sc1/1000/kpfs_6.txt,685,1645,1.40146,1800.02,1054
instances/scenario1/fully_correlated_sc1/1000/kpfs_7.txt,621,1640,1.6409,1800.01,556
instances/scenario1/fully_correlated_sc1/1000/kpfs_8.txt,587,1607,1.73765,1800.08,1099
instances/scenario1/fully_correlated_sc1/1000/kpfs_9.txt,606,1623,1.67822,1800.03,499
instances/scenario1/fully_correlated_sc1/300/kpfs_1.txt,725,865,0.193103,1800.05,44371
instances/scenario1/fully_correlated_sc1/300/kpfs_10.txt,744,855,0.149194,1800.03,61087
instances/scenario1/fully_correlated_sc1/300/kpfs_2.txt,763,859,0.125819,1800.03,61559
instances/scenario1/fully_correlated_sc1/300/kpfs_3.txt,742,869,0.171159,1800.04,66397
instances/scenario1/fully_correlated_sc1/300/kpfs_4.txt,754,861,0.14191,1800.02,57478
instances/scenario1/fully_correlated_sc1/300/kpfs_5.txt,744,884,0.188172,1800.03,47078
instances/scenario1/fully_correlated_sc1/300/kpfs_6.txt,745,844,0.132886,1800.04,67837
instances/scenario1/fully_correlated_sc1/300/kpfs_7.txt,745,843,0.131544,1800.02,60975
instances/scenario1/fully_correlated_sc1/300/kpfs_8.txt,725,883,0.217931,1800.03,29157
instances/scenario1/fully_correlated_sc1/300/kpfs_9.txt,718,902,0.256267,1800.03,15955
instances/scenario1/fully_correlated_sc1/500/kpfs_1.txt,752,1288,0.712766,1800.02,2284
instances/scenario1/fully_correlated_sc1/500/kpfs_10.txt,792,1279,0.614899,1800.01,3336
instances/scenario1/fully_correlated_sc1/500/kpfs_2.txt,759,1283,0.690382,1800.02,3322
instances/scenario1/fully_correlated_sc1/500/kpfs_3.txt,777,1274,0.63964,1800.03,3665
instances/scenario1/fully_correlated_sc1/500/kpfs_4.txt,786,1284,0.633588,1800.02,2797
instances/scenario1/fully_correlated_sc1/500/kpfs_5.txt,729,1274,0.747599,1800.02,3841
instances/scenario1/fully_correlated_sc1/500/kpfs_6.txt,669,1284,0.919283,1800.02,3397
instances/scenario1/fully_correlated_sc1/500/kpfs_7.txt,764,1278,0.672775,1800.02,3740
instances/scenario1/fully_correlated_sc1/500/kpfs_8.txt,704,1281,0.819602,1800.03,3279
instances/scenario1/fully_correlated_sc1/500/kpfs_9.txt,831,1281,0.541516,1800.03,3829
instances/scenario1/fully_correlated_sc1/700/kpfs_1.txt,741,1527,1.06073,1800.01,1221
instances/scenario1/fully_correlated_sc1/700/kpfs_10.txt,713,1544,1.1655,1800.02,1449
instances/scenario1/fully_correlated_sc1/700/kpfs_2.txt,661,1512,1.28744,1800.02,1553
instances/scenario1/fully_correlated_sc1/700/kpfs_3.txt,697,1510,1.16643,1800.02,1680
instances/scenario1/fully_correlated_sc1/700/kpfs_4.txt,719,1535,1.13491,1800.02,1368
instances/scenario1/fully_correlated_sc1/700/kpfs_5.txt,726,1533,1.11157,1800.02,1537
instances/scenario1/fully_correlated_sc1/700/kpfs_6.txt,714,1474,1.06443,1800.05,1822
instances/scenario1/fully_correlated_sc1/700/kpfs_7.txt,715,1538,1.15105,1800.02,1713
instances/scenario1/fully_correlated_sc1/700/kpfs_8.txt,684,1520,1.22222,1800.02,1683
instances/scenario1/fully_correlated_sc1/700/kpfs_9.txt,699,1532,1.1917,1800.01,1786
instances/scenario1/fully_correlated_sc1/800/kpfs_1.txt,657,1554,1.3653,1800.02,1184
instances/scenario1/fully_correlated_sc1/800/kpfs_10.txt,689,1549,1.24819,1800.02,1218
instances/scenario1/fully_correlated_sc1/800/kpfs_2.txt,695,1555,1.23741,1800.03,1166
instances/scenario1/fully_correlated_sc1/800/kpfs_3.txt,745,1589,1.13289,1800.02,1354
instances/scenario1/fully_correlated_sc1/800/kpfs_4.txt,714,1550,1.17087,1800.02,1427
instances/scenario1/fully_correlated_sc1/800/kpfs_5.txt,733,1549,1.11323,1800.01,1779
instances/scenario1/fully_correlated_sc1/800/kpfs_6.txt,711,1529,1.15049,1800.01,2067
instances/scenario1/fully_correlated_sc1/800/kpfs_7.txt,658,1533,1.32979,1800.01,2279
instances/scenario1/fully_correlated_sc1/800/kpfs_8.txt,735,1506,1.04898,1800.01,2247
instances/scenario1/fully_correlated_sc1/800/kpfs_9.txt,672,1523,1.26637,1800.01,2228
instances/scenario1/not_correlated_sc1/1000/kpfs_1.txt,361,1045,1.89474,1800.01,2027
instances/scenario1/not_correlated_sc1/1000/kpfs_10.txt,399,1102,1.7619,1800.06,741
instances/scenario1/not_correlated_sc1/1000/kpfs_2.txt,383,1048,1.73629,1800.02,813
instances/scenario1/not_correlated_sc1/1000/kpfs_3.txt,380,1060,1.78947,1800.03,789
instances/scenario1/not_correlated_sc1/1000/kpfs_4.txt,385,1002,1.6026,1800.02,800
instances/scenario1/not_correlated_sc1/1000/kpfs_5.txt,408,1057,1.59069,1800.03,811
instances/scenario1/not_correlated_sc1/1000/kpfs_6.txt,386,1019,1.6399,1800.03,787
instances/scenario1/not_correlated_sc1/1000/kpfs_7.txt,359,997,1.77716,1800.02,828
instances/scenario1/not_correlated_sc1/1000/kpfs_8.txt,360,1011,1.80833,1800.03,807
instances/scenario1/not_correlated_sc1/1000/kpfs_9.txt,354,1072,2.02825,1800.03,799
instances/scenario1/not_correlated_sc1/300/kpfs_1.txt,683,713,0.0439239,1800.06,69967
instances/scenario1/not_correlated_sc1/300/kpfs_10.txt,623,697,0.11878,1800.02,68256
instances/scenario1/not_correlated_sc1/300/kpfs_2.txt,741,741,0,1657.8,67957
instances/scenario1/not_correlated_sc1/300/kpfs_3.txt,683,722,0.057101,1801.62,65073
instances/scenario1/not_correlated_sc1/300/kpfs_4.txt,671,707,0.0536513,1800.08,66922
instances/scenario1/not_correlated_sc1/300/kpfs_5.txt,692,760,0.0982659,1800.02,51280
instances/scenario1/not_correlated_sc1/300/kpfs_6.txt,714,714,0,738.436,42431
instances/scenario1/not_correlated_sc1/300/kpfs_7.txt,623,670,0.0754414,1800.03,78573
instances/scenario1/not_correlated_sc1/300/kpfs_8.txt,736,800,0.0869565,1800.06,34328
instances/scenario1/not_correlated_sc1/300/kpfs_9.txt,668,743,0.112275,1800.05,28824
instances/scenario1/not_correlated_sc1/500/kpfs_1.txt,581,954,0.641997,1800.06,3263
instances/scenario1/not_correlated_sc1/500/kpfs_10.txt,545,924,0.695413,1800.03,6138
instances/scenario1/not_correlated_sc1/500/kpfs_2.txt,559,900,0.610018,1800.02,9863
instances/scenario1/not_correlated_sc1/500/kpfs_3.txt,548,932,0.70073,1800.02,8067
instances/scenario1/not_correlated_sc1/500/kpfs_4.txt,553,957,0.730561,1800.01,7266
instances/scenario1/not_correlated_sc1/500/kpfs_5.txt,529,917,0.733459,1800.02,8535
instances/scenario1/not_correlated_sc1/500/kpfs_6.txt,583,974,0.670669,1800.01,6891
instances/scenario1/not_correlated_sc1/500/kpfs_7.txt,526,933,0.773764,1800.03,8495
instances/scenario1/not_correlated_sc1/500/kpfs_8.txt,554,889,0.604693,1800.02,9049
instances/scenario1/not_correlated_sc1/500/kpfs_9.txt,531,898,0.691149,1800.03,8125
instances/scenario1/not_correlated_sc1/700/kpfs_1.txt,449,986,1.19599,1800.02,1777
instances/scenario1/not_correlated_sc1/700/kpfs_10.txt,474,989,1.0865,1800.04,1850
instances/scenario1/not_correlated_sc1/700/kpfs_2.txt,483,983,1.0352,1800.02,1721
instances/scenario1/not_correlated_sc1/700/kpfs_3.txt,472,1018,1.15678,1800.03,2175
instances/scenario1/not_correlated_sc1/700/kpfs_4.txt,477,1004,1.10482,1800.04,1847
instances/scenario1/not_correlated_sc1/700/kpfs_5.txt,465,991,1.13118,1800.02,2134
instances/scenario1/not_correlated_sc1/700/kpfs_6.txt,451,1027,1.27716,1800.01,2230
instances/scenario1/not_correlated_sc1/700/kpfs_7.txt,478,1001,1.09414,1800.02,2038
instances/scenario1/not_correlated_sc1/700/kpfs_8.txt,458,994,1.17031,1800.04,2261
instances/scenario1/not_correlated_sc1/700/kpfs_9.txt,508,1038,1.04331,1800.01,1987
instances/scenario1/not_correlated_sc1/800/kpfs_1.txt,405,1017,1.51111,1800.02,1486
instances/scenario1/not_correlated_sc1/800/kpfs_10.txt,433,1016,1.34642,1800.02,1525
instances/scenario1/not_correlated_sc1/800/kpfs_2.txt,420,986,1.34762,1800.02,1497
instances/scenario1/not_correlated_sc1/800/kpfs_3.txt,439,1010,1.30068,1800.01,1545
instances/scenario1/not_correlated_sc1/800/kpfs_4.txt,421,986,1.34204,1800.03,1851
instances/scenario1/not_correlated_sc1/800/kpfs_5.txt,411,986,1.39903,1800.01,2006
instances/scenario1/not_correlated_sc1/800/kpfs_6.txt,429,1038,1.41958,1800.02,2828
instances/scenario1/not_correlated_sc1/800/kpfs_7.txt,415,1015,1.44578,1800.01,3549
instances/scenario1/not_correlated_sc1/800/kpfs_8.txt,451,1013,1.24612,1800.01,3694
instances/scenario1/not_correlated_sc1/800/kpfs_9.txt,391,954,1.4399,1800.01,3967
instances/scenario2/correlated_sc2/1000/kpfs_1.txt,206,554,1.68932,1800.01,6111
instances/scenario2/correlated_sc2/1000/kpfs_10.txt,190,628,2.30526,1800.04,1242
instances/scenario2/correlated_sc2/1000/kpfs_2.txt,212,589,1.7783,1800.03,1345
instances/scenario2/correlated_sc2/1000/kpfs_3.txt,208,582,1.79808,1800.03,1318
instances/scenario2/correlated_sc2/1000/kpfs_4.txt,195,607,2.11282,1800.02,1302
instances/scenario2/correlated_sc2/1000/kpfs_5.txt,191,602,2.15183,1800.04,1273
instances/scenario2/correlated_sc2/1000/kpfs_6.txt,185,566,2.05946,1800.03,1339
instances/scenario2/correlated_sc2/1000/kpfs_7.txt,187,598,2.19786,1800.01,1333
instances/scenario2/correlated_sc2/1000/kpfs_8.txt,171,579,2.38596,1800.07,1423
instances/scenario2/correlated_sc2/1000/kpfs_9.txt,182,563,2.09341,1800.05,1381
instances/scenario2/correlated_sc2/300/kpfs_1.txt,428,519,0.212617,1800.05,65531
instances/scenario2/correlated_sc2/300/kpfs_10.txt,433,562,0.297921,1800.03,61634
instances/scenario2/correlated_sc2/300/kpfs_2.txt,439,546,0.243736,1800.02,55142
instances/scenario2/correlated_sc2/300/kpfs_3.txt,449,560,0.247216,1800.03,67832
instances/scenario2/correlated_sc2/300/kpfs_4.txt,452,544,0.20354,1800.02,73086
instances/scenario2/correlated_sc2/300/kpfs_5.txt,464,540,0.163793,1800.05,79724
instances/scenario2/correlated_sc2/300/kpfs_6.txt,453,539,0.189845,1800.09,65063
instances/scenario2/correlated_sc2/300/kpfs_7.txt,430,518,0.204651,1800.02,65394
instances/scenario2/correlated_sc2/300/kpfs_8.txt,452,549,0.214602,1800.04,49836
instances/scenario2/correlated_sc2/300/kpfs_9.txt,415,518,0.248193,1800.06,44993
instances/scenario2/correlated_sc2/500/kpfs_1.txt,316,583,0.844937,1800.17,10266
instances/scenario2/correlated_sc2/500/kpfs_10.txt,300,573,0.91,1800.01,11146
instances/scenario2/correlated_sc2/500/kpfs_2.txt,321,589,0.834891,1800.02,10726
instances/scenario2/correlated_sc2/500/kpfs_3.txt,357,585,0.638655,1800.02,10651
instances/scenario2/correlated_sc2/500/kpfs_4.txt,324,602,0.858025,1800.03,10492
instances/scenario2/correlated_sc2/500/kpfs_5.txt,353,632,0.790368,1800.03,10653
instances/scenario2/correlated_sc2/500/kpfs_6.txt,323,568,0.758514,1800.03,10901
instances/scenario2/correlated_sc2/500/kpfs_7.txt,348,594,0.706897,1800.02,10497
instances/scenario2/correlated_sc2/500/kpfs_8.txt,338,578,0.710059,1800.02,10789
instances/scenario2/correlated_sc2/500/kpfs_9.txt,360,602,0.672222,1800.02,11343
instances/scenario2/correlated_sc2/700/kpfs_1.txt,290,579,0.996552,1800.04,9550
instances/scenario2/correlated_sc2/700/kpfs_10.txt,264,582,1.20455,1800.02,4461
instances/scenario2/correlated_sc2/700/kpfs_2.txt,268,581,1.16791,1800.02,6125
instances/scenario2/correlated_sc2/700/kpfs_3.txt,250,557,1.228,1800.02,5186
instances/scenario2/correlated_sc2/700/kpfs_4.txt,252,560,1.22222,1800.03,9062
instances/scenario2/correlated_sc2/700/kpfs_5.txt,256,583,1.27734,1800.02,7628
instances/scenario2/correlated_sc2/700/kpfs_6.txt,275,559,1.03273,1800.02,9262
instances/scenario2/correlated_sc2/700/kpfs_7.txt,269,602,1.23792,1800.02,6053
instances/scenario2/correlated_sc2/700/kpfs_8.txt,230,567,1.46522,1800.01,6187
instances/scenario2/correlated_sc2/700/kpfs_9.txt,223,555,1.48879,1800.01,7212
instances/scenario2/correlated_sc2/800/kpfs_1.txt,244,598,1.45082,1800.02,3246
instances/scenario2/correlated_sc2/800/kpfs_10.txt,231,579,1.50649,1800.02,4994
instances/scenario2/correlated_sc2/800/kpfs_2.txt,221,587,1.65611,1800.02,4262
instances/scenario2/correlated_sc2/800/kpfs_3.txt,246,576,1.34146,1800.02,5714
instances/scenario2/correlated_sc2/800/kpfs_4.txt,252,596,1.36508,1800.02,5523
instances/scenario2/correlated_sc2/800/kpfs_5.txt,225,550,1.44444,1800.02,10202
instances/scenario2/correlated_sc2/800/kpfs_6.txt,226,547,1.42035,1800.02,10339
instances/scenario2/correlated_sc2/800/kpfs_7.txt,224,564,1.51786,1800.01,10458
instances/scenario2/correlated_sc2/800/kpfs_8.txt,253,589,1.32806,1800.01,10340
instances/scenario2/correlated_sc2/800/kpfs_9.txt,233,555,1.38197,1800.01,10443
instances/scenario2/fully_correlated_sc2/1000/kpfs_1.txt,320,732,1.2875,1800.01,3063
instances/scenario2/fully_correlated_sc2/1000/kpfs_10.txt,292,715,1.44863,1800.05,1160
instances/scenario2/fully_correlated_sc2/1000/kpfs_2.txt,291,716,1.46048,1800.03,1213
instances/scenario2/fully_correlated_sc2/1000/kpfs_3.txt,281,690,1.45552,1800.04,1184
instances/scenario2/fully_correlated_sc2/1000/kpfs_4.txt,325,744,1.28923,1800.03,1204
instances/scenario2/fully_correlated_sc2/1000/kpfs_5.txt,293,686,1.3413,1800.03,1194
instances/scenario2/fully_correlated_sc2/1000/kpfs_6.txt,286,684,1.39161,1800.03,1254
instances/scenario2/fully_correlated_sc2/1000/kpfs_7.txt,305,724,1.37377,1800.02,1272
instances/scenario2/fully_correlated_sc2/1000/kpfs_8.txt,298,704,1.36242,1800.03,1323
instances/scenario2/fully_correlated_sc2/1000/kpfs_9.txt,296,707,1.38851,1800.03,1210
instances/scenario2/fully_correlated_sc2/300/kpfs_1.txt,427,571,0.337237,1800.03,43575
instances/scenario2/fully_correlated_sc2/300/kpfs_10.txt,462,591,0.279221,1800.04,46211
instances/scenario2/fully_correlated_sc2/300/kpfs_2.txt,465,579,0.245161,1800.02,40225
instances/scenario2/fully_correlated_sc2/300/kpfs_3.txt,470,597,0.270213,1800.04,47679
instances/scenario2/fully_correlated_sc2/300/kpfs_4.txt,454,595,0.310573,1800.02,46455
instances/scenario2/fully_correlated_sc2/300/kpfs_5.txt,498,600,0.204819,1800.03,49022
instances/scenario2/fully_correlated_sc2/300/kpfs_6.txt,476,583,0.22479,1800.04,47974
instances/scenario2/fully_correlated_sc2/300/kpfs_7.txt,462,570,0.233766,1800.03,42053
instances/scenario2/fully_correlated_sc2/300/kpfs_8.txt,488,592,0.213115,1800.1,36736
instances/scenario2/fully_correlated_sc2/300/kpfs_9.txt,453,558,0.231788,1800.05,31423
instances/scenario2/fully_correlated_sc2/500/kpfs_1.txt,392,662,0.688776,1800.02,8464
instances/scenario2/fully_correlated_sc2/500/kpfs_10.txt,401,654,0.630923,1800.09,10202
instances/scenario2/fully_correlated_sc2/500/kpfs_2.txt,421,675,0.603325,1800.01,8442
instances/scenario2/fully_correlated_sc2/500/kpfs_3.txt,423,671,0.586288,1800.2,10202
instances/scenario2/fully_correlated_sc2/500/kpfs_4.txt,434,674,0.552995,1800.04,10202
instances/scenario2/fully_correlated_sc2/500/kpfs_5.txt,431,711,0.649652,1800.15,10317
instances/scenario2/fully_correlated_sc2/500/kpfs_6.txt,423,656,0.550827,1800.02,9840
instances/scenario2/fully_correlated_sc2/500/kpfs_7.txt,427,681,0.594848,1800.03,10202
instances/scenario2/fully_correlated_sc2/500/kpfs_8.txt,401,664,0.65586,1800.16,10202
instances/scenario2/fully_correlated_sc2/500/kpfs_9.txt,415,684,0.648193,1800.03,10202
instances/scenario2/fully_correlated_sc2/700/kpfs_1.txt,380,727,0.913158,1800.04,2339
instances/scenario2/fully_correlated_sc2/700/kpfs_10.txt,349,707,1.02579,1800.02,2772
instances/scenario2/fully_correlated_sc2/700/kpfs_2.txt,359,714,0.988858,1800.01,3183
instances/scenario2/fully_correlated_sc2/700/kpfs_3.txt,310,688,1.21935,1800.01,3139
instances/scenario2/fully_correlated_sc2/700/kpfs_4.txt,355,719,1.02535,1800.03,3109
instances/scenario2/fully_correlated_sc2/700/kpfs_5.txt,386,726,0.880829,1800.01,2996
instances/scenario2/fully_correlated_sc2/700/kpfs_6.txt,355,704,0.983099,1800.03,2746
instances/scenario2/fully_correlated_sc2/700/kpfs_7.txt,368,725,0.970109,1800.02,3107
instances/scenario2/fully_correlated_sc2/700/kpfs_8.txt,345,701,1.03188,1800.02,3115
instances/scenario2/fully_correlated_sc2/700/kpfs_9.txt,320,687,1.14688,1800.01,3658
instances/scenario2/fully_correlated_sc2/800/kpfs_1.txt,340,710,1.08824,1800.02,2043
instances/scenario2/fully_correlated_sc2/800/kpfs_10.txt,338,716,1.11834,1800.02,2118
instances/scenario2/fully_correlated_sc2/800/kpfs_2.txt,346,720,1.08092,1800.02,2001
instances/scenario2/fully_correlated_sc2/800/kpfs_3.txt,334,729,1.18263,1800.02,2582
instances/scenario2/fully_correlated_sc2/800/kpfs_4.txt,344,717,1.0843,1800.02,3081
instances/scenario2/fully_correlated_sc2/800/kpfs_5.txt,315,699,1.21905,1800.01,4220
instances/scenario2/fully_correlated_sc2/800/kpfs_6.txt,321,699,1.17757,1800.01,5993
instances/scenario2/fully_correlated_sc2/800/kpfs_7.txt,336,703,1.09226,1800.01,6442
instances/scenario2/fully_correlated_sc2/800/kpfs_8.txt,341,723,1.12023,1800.01,7129
instances/scenario2/fully_correlated_sc2/800/kpfs_9.txt,363,709,0.953168,1800.01,6236
instances/scenario2/not_correlated_sc2/1000/kpfs_1.txt,133,326,1.45113,1800.01,10546
instances/scenario2/not_correlated_sc2/1000/kpfs_10.txt,135,383,1.83704,1800.04,1352
instances/scenario2/not_correlated_sc2/1000/kpfs_2.txt,128,371,1.89844,1800.03,1485
instances/scenario2/not_correlated_sc2/1000/kpfs_3.txt,121,368,2.04132,1800.05,1413
instances/scenario2/not_correlated_sc2/1000/kpfs_4.txt,143,380,1.65734,1800.03,1467
instances/scenario2/not_correlated_sc2/1000/kpfs_5.txt,136,354,1.60294,1800.04,1503
instances/scenario2/not_correlated_sc2/1000/kpfs_6.txt,120,364,2.03333,1800.03,1680
instances/scenario2/not_correlated_sc2/1000/kpfs_7.txt,126,358,1.84127,1800.02,1727
instances/scenario2/not_correlated_sc2/1000/kpfs_8.txt,119,356,1.9916,1800.05,1948
instances/scenario2/not_correlated_sc2/1000/kpfs_9.txt,135,359,1.65926,1800.05,1496
instances/scenario2/not_correlated_sc2/300/kpfs_1.txt,293,293,0,1046.39,71732
instances/scenario2/not_correlated_sc2/300/kpfs_10.txt,306,306,0,455.008,21806
instances/scenario2/not_correlated_sc2/300/kpfs_2.txt,307,307,0,693.415,51661
instances/scenario2/not_correlated_sc2/300/kpfs_3.txt,306,306,0,651.514,35870
instances/scenario2/not_correlated_sc2/300/kpfs_4.txt,314,314,0,517.315,24625
instances/scenario2/not_correlated_sc2/300/kpfs_5.txt,308,308,0,603.182,34529
instances/scenario2/not_correlated_sc2/300/kpfs_6.txt,308,308,0,935.897,54798
instances/scenario2/not_correlated_sc2/300/kpfs_7.txt,283,283,0,448.031,20002
instances/scenario2/not_correlated_sc2/300/kpfs_8.txt,291,291,0,1335.45,107103
instances/scenario2/not_correlated_sc2/300/kpfs_9.txt,281,281,0,1295.48,94577
instances/scenario2/not_correlated_sc2/500/kpfs_1.txt,211,332,0.57346,1800.05,31895
instances/scenario2/not_correlated_sc2/500/kpfs_10.txt,236,338,0.432203,1800.03,37405
instances/scenario2/not_correlated_sc2/500/kpfs_2.txt,223,356,0.596413,1800.02,26554
instances/scenario2/not_correlated_sc2/500/kpfs_3.txt,229,365,0.593886,1800.11,17899
instances/scenario2/not_correlated_sc2/500/kpfs_4.txt,199,362,0.819095,1800.03,13678
instances/scenario2/not_correlated_sc2/500/kpfs_5.txt,245,393,0.604082,1800.04,12360
instances/scenario2/not_correlated_sc2/500/kpfs_6.txt,204,365,0.789216,1800.03,20221
instances/scenario2/not_correlated_sc2/500/kpfs_7.txt,237,332,0.400844,1800.04,40881
instances/scenario2/not_correlated_sc2/500/kpfs_8.txt,218,333,0.527523,1800.04,31263
instances/scenario2/not_correlated_sc2/500/kpfs_9.txt,212,350,0.650943,1800.03,28371
instances/scenario2/not_correlated_sc2/700/kpfs_1.txt,185,385,1.08108,1800.08,10225
instances/scenario2/not_correlated_sc2/700/kpfs_10.txt,186,362,0.946237,1800.01,10607
instances/scenario2/not_correlated_sc2/700/kpfs_2.txt,179,358,1,1800.01,10337
instances/scenario2/not_correlated_sc2/700/kpfs_3.txt,170,359,1.11176,1800.04,10209
instances/scenario2/not_correlated_sc2/700/kpfs_4.txt,182,361,0.983516,1800.02,10273
instances/scenario2/not_correlated_sc2/700/kpfs_5.txt,189,374,0.978836,1800.05,10202
instances/scenario2/not_correlated_sc2/700/kpfs_6.txt,174,341,0.95977,1800.03,10349
instances/scenario2/not_correlated_sc2/700/kpfs_7.txt,167,360,1.15569,1800.03,10257
instances/scenario2/not_correlated_sc2/700/kpfs_8.txt,170,361,1.12353,1800.2,10212
instances/scenario2/not_correlated_sc2/700/kpfs_9.txt,185,358,0.935135,1800.17,10245
instances/scenario2/not_correlated_sc2/800/kpfs_1.txt,185,346,0.87027,1800.06,10202
instances/scenario2/not_correlated_sc2/800/kpfs_10.txt,165,363,1.2,1800.21,10202
instances/scenario2/not_correlated_sc2/800/kpfs_2.txt,164,359,1.18902,1800.1,10202
instances/scenario2/not_correlated_sc2/800/kpfs_3.txt,146,350,1.39726,1800.21,10202
instances/scenario2/not_correlated_sc2/800/kpfs_4.txt,158,369,1.33544,1800.18,10202
instances/scenario2/not_correlated_sc2/800/kpfs_5.txt,158,355,1.24684,1800.05,10202
instances/scenario2/not_correlated_sc2/800/kpfs_6.txt,161,330,1.04969,1800.1,10235
instances/scenario2/not_correlated_sc2/800/kpfs_7.txt,169,351,1.07692,1800.18,10202
instances/scenario2/not_correlated_sc2/800/kpfs_8.txt,175,383,1.18857,1800.06,10202
instances/scenario2/not_correlated_sc2/800/kpfs_9.txt,167,344,1.05988,1800.02,10256
instances/scenario3/correlated_sc3/1000/kpfs_1.txt,2358,2622,0.111959,1800.02,5324
instances/scenario3/correlated_sc3/1000/kpfs_10.txt,2420,2652,0.0958678,1800.05,2127
instances/scenario3/correlated_sc3/1000/kpfs_2.txt,2420,2655,0.0971074,1800.03,2727
instances/scenario3/correlated_sc3/1000/kpfs_3.txt,2460,2657,0.0800813,1800.03,2567
instances/scenario3/correlated_sc3/1000/kpfs_4.txt,2442,2680,0.0974611,1800.03,2822
instances/scenario3/correlated_sc3/1000/kpfs_5.txt,2399,2641,0.100875,1800.03,2534
instances/scenario3/correlated_sc3/1000/kpfs_6.txt,2466,2695,0.0928629,1800.05,3449
instances/scenario3/correlated_sc3/1000/kpfs_7.txt,2390,2652,0.109623,1800.03,2963
instances/scenario3/correlated_sc3/1000/kpfs_8.txt,2447,2671,0.0915407,1800.03,3185
instances/scenario3/correlated_sc3/1000/kpfs_9.txt,2398,2637,0.0996664,1800.03,2791
instances/scenario3/correlated_sc3/300/kpfs_1.txt,956,962,0.00627615,1800.05,116136
instances/scenario3/correlated_sc3/300/kpfs_10.txt,982,982,0,23.874,1719
instances/scenario3/correlated_sc3/300/kpfs_2.txt,982,989,0.00712831,1800.03,129162
instances/scenario3/correlated_sc3/300/kpfs_3.txt,953,953,0,1481.7,100778
instances/scenario3/correlated_sc3/300/kpfs_4.txt,983,983,0,116.846,10112
instances/scenario3/correlated_sc3/300/kpfs_5.txt,963,963,0,1049.24,92039
instances/scenario3/correlated_sc3/300/kpfs_6.txt,970,970,0,288.255,18742
instances/scenario3/correlated_sc3/300/kpfs_7.txt,960,960,0,1059.3,63103
instances/scenario3/correlated_sc3/300/kpfs_8.txt,961,961,0,436.031,28086
instances/scenario3/correlated_sc3/300/kpfs_9.txt,972,972,0,86.9498,7633
instances/scenario3/correlated_sc3/500/kpfs_1.txt,1464,1511,0.0321038,1800.03,25257
instances/scenario3/correlated_sc3/500/kpfs_10.txt,1439,1503,0.0444753,1800.03,21772
instances/scenario3/correlated_sc3/500/kpfs_2.txt,1454,1514,0.0412655,1800.05,19121
instances/scenario3/correlated_sc3/500/kpfs_3.txt,1444,1510,0.0457064,1800.03,16213
instances/scenario3/correlated_sc3/500/kpfs_4.txt,1435,1504,0.0480836,1800.03,12041
instances/scenario3/correlated_sc3/500/kpfs_5.txt,1455,1525,0.04811,1800.06,11883
instances/scenario3/correlated_sc3/500/kpfs_6.txt,1464,1525,0.0416667,1800.03,25042
instances/scenario3/correlated_sc3/500/kpfs_7.txt,1443,1521,0.0540541,1800.02,19207
instances/scenario3/correlated_sc3/500/kpfs_8.txt,1467,1519,0.0354465,1800.03,21549
instances/scenario3/correlated_sc3/500/kpfs_9.txt,1442,1518,0.0527046,1800.03,20317
instances/scenario3/correlated_sc3/700/kpfs_1.txt,1848,1994,0.0790043,1800.02,10231
instances/scenario3/correlated_sc3/700/kpfs_10.txt,1864,2003,0.0745708,1800.03,10222
instances/scenario3/correlated_sc3/700/kpfs_2.txt,1870,2018,0.0791444,1800.08,10205
instances/scenario3/correlated_sc3/700/kpfs_3.txt,1929,2049,0.0622084,1800.07,10202
instances/scenario3/correlated_sc3/700/kpfs_4.txt,1840,2001,0.0875,1800.05,10202
instances/scenario3/correlated_sc3/700/kpfs_5.txt,1891,2024,0.0703332,1800.03,10755
instances/scenario3/correlated_sc3/700/kpfs_6.txt,1856,2003,0.0792026,1800.12,10202
instances/scenario3/correlated_sc3/700/kpfs_7.txt,1854,1987,0.0717368,1800.02,10245
instances/scenario3/correlated_sc3/700/kpfs_8.txt,1814,1977,0.0898567,1800.1,10202
instances/scenario3/correlated_sc3/700/kpfs_9.txt,1868,2008,0.0749465,1800.12,10202
instances/scenario3/correlated_sc3/800/kpfs_1.txt,2096,2240,0.0687023,1800.03,9673
instances/scenario3/correlated_sc3/800/kpfs_10.txt,2081,2232,0.0725613,1800.03,9591
instances/scenario3/correlated_sc3/800/kpfs_2.txt,2088,2249,0.0771073,1800.03,8194
instances/scenario3/correlated_sc3/800/kpfs_3.txt,2053,2221,0.0818315,1800.02,6980
instances/scenario3/correlated_sc3/800/kpfs_4.txt,2084,2229,0.0695777,1800.02,9555
instances/scenario3/correlated_sc3/800/kpfs_5.txt,2063,2263,0.0969462,1800.02,7758
instances/scenario3/correlated_sc3/800/kpfs_6.txt,2078,2237,0.0765159,1800.02,8911
instances/scenario3/correlated_sc3/800/kpfs_7.txt,2042,2217,0.0857003,1800.02,10044
instances/scenario3/correlated_sc3/800/kpfs_8.txt,2067,2230,0.0788582,1800.08,10202
instances/scenario3/correlated_sc3/800/kpfs_9.txt,2073,2216,0.0689822,1800.03,10202
instances/scenario3/fully_correlated_sc3/1000/kpfs_1.txt,2370,2609,0.100844,1800.02,5150
instances/scenario3/fully_correlated_sc3/1000/kpfs_10.txt,2423,2648,0.0928601,1800.05,2102
instances/scenario3/fully_correlated_sc3/1000/kpfs_2.txt,2404,2655,0.104409,1800.03,2498
instances/scenario3/fully_correlated_sc3/1000/kpfs_3.txt,2444,2648,0.0834697,1800.03,2635
instances/scenario3/fully_correlated_sc3/1000/kpfs_4.txt,2457,2673,0.0879121,1800.03,2873
instances/scenario3/fully_correlated_sc3/1000/kpfs_5.txt,2410,2628,0.0904564,1800.04,2983
instances/scenario3/fully_correlated_sc3/1000/kpfs_6.txt,2476,2685,0.0844103,1800.03,2910
instances/scenario3/fully_correlated_sc3/1000/kpfs_7.txt,2391,2649,0.107905,1800.02,2404
instances/scenario3/fully_correlated_sc3/1000/kpfs_8.txt,2453,2653,0.0815328,1800.06,3379
instances/scenario3/fully_correlated_sc3/1000/kpfs_9.txt,2406,2627,0.0918537,1800.06,2636
instances/scenario3/fully_correlated_sc3/300/kpfs_1.txt,947,947,0,1668.99,152595
instances/scenario3/fully_correlated_sc3/300/kpfs_10.txt,964,964,0,97.6253,10658
instances/scenario3/fully_correlated_sc3/300/kpfs_2.txt,975,982,0.00717949,1800.03,170534
instances/scenario3/fully_correlated_sc3/300/kpfs_3.txt,937,956,0.0202775,1800.02,145392
instances/scenario3/fully_correlated_sc3/300/kpfs_4.txt,975,975,0,149.58,15067
instances/scenario3/fully_correlated_sc3/300/kpfs_5.txt,947,963,0.0168955,1800.06,166240
instances/scenario3/fully_correlated_sc3/300/kpfs_6.txt,957,957,0,363.838,52372
instances/scenario3/fully_correlated_sc3/300/kpfs_7.txt,945,945,0,1098.37,118175
instances/scenario3/fully_correlated_sc3/300/kpfs_8.txt,947,947,0,684.115,59722
instances/scenario3/fully_correlated_sc3/300/kpfs_9.txt,955,955,0,469.943,28317
instances/scenario3/fully_correlated_sc3/500/kpfs_1.txt,1445,1499,0.0373702,1800.06,32286
instances/scenario3/fully_correlated_sc3/500/kpfs_10.txt,1405,1491,0.06121,1800.67,28618
instances/scenario3/fully_correlated_sc3/500/kpfs_2.txt,1423,1509,0.0604357,1800.04,18851
instances/scenario3/fully_correlated_sc3/500/kpfs_3.txt,1435,1508,0.0508711,1800.04,13327
instances/scenario3/fully_correlated_sc3/500/kpfs_4.txt,1405,1493,0.0626335,1800.02,15094
instances/scenario3/fully_correlated_sc3/500/kpfs_5.txt,1438,1508,0.0486787,1800.02,21004
instances/scenario3/fully_correlated_sc3/500/kpfs_6.txt,1440,1518,0.0541667,1800.02,29765
instances/scenario3/fully_correlated_sc3/500/kpfs_7.txt,1425,1508,0.0582456,1800.03,27962
instances/scenario3/fully_correlated_sc3/500/kpfs_8.txt,1449,1512,0.0434783,1800.04,21895
instances/scenario3/fully_correlated_sc3/500/kpfs_9.txt,1424,1504,0.0561798,1800.03,25210
instances/scenario3/fully_correlated_sc3/700/kpfs_1.txt,1838,1990,0.0826986,1800.04,10202
instances/scenario3/fully_correlated_sc3/700/kpfs_10.txt,1838,1995,0.0854189,1800.17,10202
instances/scenario3/fully_correlated_sc3/700/kpfs_2.txt,1820,2009,0.103846,1800.24,10228
instances/scenario3/fully_correlated_sc3/700/kpfs_3.txt,1912,2040,0.0669456,1800.03,10224
instances/scenario3/fully_correlated_sc3/700/kpfs_4.txt,1805,1992,0.103601,1800.06,10202
instances/scenario3/fully_correlated_sc3/700/kpfs_5.txt,1878,2015,0.0729499,1800.02,10228
instances/scenario3/fully_correlated_sc3/700/kpfs_6.txt,1814,1995,0.0997795,1800.11,10202
instances/scenario3/fully_correlated_sc3/700/kpfs_7.txt,1845,1975,0.0704607,1800.03,10031
instances/scenario3/fully_correlated_sc3/700/kpfs_8.txt,1810,1970,0.0883978,1800.06,10202
instances/scenario3/fully_correlated_sc3/700/kpfs_9.txt,1838,2006,0.0914037,1800.04,10245
instances/scenario3/fully_correlated_sc3/800/kpfs_1.txt,2050,2229,0.0873171,1800.03,7987
instances/scenario3/fully_correlated_sc3/800/kpfs_10.txt,2045,2228,0.0894866,1800.24,10202
instances/scenario3/fully_correlated_sc3/800/kpfs_2.txt,2051,2236,0.0901999,1800.03,8679
instances/scenario3/fully_correlated_sc3/800/kpfs_3.txt,2034,2216,0.0894789,1800.01,9499
instances/scenario3/fully_correlated_sc3/800/kpfs_4.txt,2061,2225,0.079573,1800.09,10202
instances/scenario3/fully_correlated_sc3/800/kpfs_5.txt,2048,2245,0.0961914,1800.02,7595
instances/scenario3/fully_correlated_sc3/800/kpfs_6.txt,2028,2225,0.09714,1800.02,8586
instances/scenario3/fully_correlated_sc3/800/kpfs_7.txt,2021,2207,0.0920336,1800.02,10161
instances/scenario3/fully_correlated_sc3/800/kpfs_8.txt,2034,2216,0.0894789,1800.02,10243
instances/scenario3/fully_correlated_sc3/800/kpfs_9.txt,2035,2211,0.0864865,1800.06,10224
instances/scenario3/not_correlated_sc3/1000/kpfs_1.txt,1824,2159,0.183662,1800.01,10202
instances/scenario3/not_correlated_sc3/1000/kpfs_10.txt,1923,2226,0.157566,1800.05,3425
instances/scenario3/not_correlated_sc3/1000/kpfs_2.txt,1926,2198,0.141225,1800.04,4236
instances/scenario3/not_correlated_sc3/1000/kpfs_3.txt,1910,2195,0.149215,1800.05,4370
instances/scenario3/not_correlated_sc3/1000/kpfs_4.txt,1931,2233,0.156396,1800.03,4287
instances/scenario3/not_correlated_sc3/1000/kpfs_5.txt,1890,2121,0.122222,1800.03,4848
instances/scenario3/not_correlated_sc3/1000/kpfs_6.txt,2097,2346,0.118741,1800.03,5667
instances/scenario3/not_correlated_sc3/1000/kpfs_7.txt,1841,2145,0.165128,1800.02,5015
instances/scenario3/not_correlated_sc3/1000/kpfs_8.txt,1891,2151,0.137493,1800.06,4684
instances/scenario3/not_correlated_sc3/1000/kpfs_9.txt,1893,2172,0.147385,1800.04,4950
instances/scenario3/not_correlated_sc3/300/kpfs_1.txt,999,999,0,13.0643,858
instances/scenario3/not_correlated_sc3/300/kpfs_10.txt,1028,1028,0,8.844,1052
instances/scenario3/not_correlated_sc3/300/kpfs_2.txt,1102,1102,0,3.59713,277
instances/scenario3/not_correlated_sc3/300/kpfs_3.txt,957,957,0,8.3877,525
instances/scenario3/not_correlated_sc3/300/kpfs_4.txt,1030,1030,0,2.9771,103
instances/scenario3/not_correlated_sc3/300/kpfs_5.txt,1086,1086,0,5.79857,57
instances/scenario3/not_correlated_sc3/300/kpfs_6.txt,1043,1043,0,7.96022,588
instances/scenario3/not_correlated_sc3/300/kpfs_7.txt,1032,1032,0,4.21069,255
instances/scenario3/not_correlated_sc3/300/kpfs_8.txt,1050,1050,0,6.1081,516
instances/scenario3/not_correlated_sc3/300/kpfs_9.txt,1006,1006,0,3.06806,169
instances/scenario3/not_correlated_sc3/500/kpfs_1.txt,1405,1405,0,1262.55,50352
instances/scenario3/not_correlated_sc3/500/kpfs_10.txt,1350,1385,0.0259259,1800.02,41414
instances/scenario3/not_correlated_sc3/500/kpfs_2.txt,1438,1465,0.0187761,1800.1,49312
instances/scenario3/not_correlated_sc3/500/kpfs_3.txt,1347,1374,0.0200445,1800.06,47121
instances/scenario3/not_correlated_sc3/500/kpfs_4.txt,1359,1359,0,653.133,22986
instances/scenario3/not_correlated_sc3/500/kpfs_5.txt,1366,1366,0,1793.48,64675
instances/scenario3/not_correlated_sc3/500/kpfs_6.txt,1521,1521,0,455.936,17058
instances/scenario3/not_correlated_sc3/500/kpfs_7.txt,1369,1418,0.0357925,1800.07,33026
instances/scenario3/not_correlated_sc3/500/kpfs_8.txt,1450,1484,0.0234483,1800.04,43926
instances/scenario3/not_correlated_sc3/500/kpfs_9.txt,1424,1460,0.0252809,1800.03,43615
instances/scenario3/not_correlated_sc3/700/kpfs_1.txt,1646,1787,0.0856622,1800.05,10202
instances/scenario3/not_correlated_sc3/700/kpfs_10.txt,1668,1853,0.110911,1800.06,10202
instances/scenario3/not_correlated_sc3/700/kpfs_2.txt,1703,1844,0.0827951,1800.05,10279
instances/scenario3/not_correlated_sc3/700/kpfs_3.txt,1711,1848,0.0800701,1800.07,10755
instances/scenario3/not_correlated_sc3/700/kpfs_4.txt,1687,1822,0.0800237,1800.02,10698
instances/scenario3/not_correlated_sc3/700/kpfs_5.txt,1760,1841,0.0460227,1800.02,15360
instances/scenario3/not_correlated_sc3/700/kpfs_6.txt,1525,1689,0.107541,1800.01,10595
instances/scenario3/not_correlated_sc3/700/kpfs_7.txt,1708,1835,0.074356,1800.02,10636
instances/scenario3/not_correlated_sc3/700/kpfs_8.txt,1601,1748,0.0918176,1800.03,11064
instances/scenario3/not_correlated_sc3/700/kpfs_9.txt,1698,1884,0.109541,1800.03,11912
instances/scenario3/not_correlated_sc3/800/kpfs_1.txt,1800,2004,0.113333,1800.08,10202
instances/scenario3/not_correlated_sc3/800/kpfs_10.txt,1857,2064,0.11147,1800.05,10202
instances/scenario3/not_correlated_sc3/800/kpfs_2.txt,1787,1956,0.0945719,1800.03,9887
instances/scenario3/not_correlated_sc3/800/kpfs_3.txt,1692,1879,0.11052,1800.05,10266
instances/scenario3/not_correlated_sc3/800/kpfs_4.txt,1769,1906,0.0774449,1800.08,10202
instances/scenario3/not_correlated_sc3/800/kpfs_5.txt,1828,2060,0.126915,1800.02,10035
instances/scenario3/not_correlated_sc3/800/kpfs_6.txt,1780,1965,0.103933,1800.09,10202
instances/scenario3/not_correlated_sc3/800/kpfs_7.txt,1784,2004,0.123318,1800.03,9924
instances/scenario3/not_correlated_sc3/800/kpfs_8.txt,1870,2014,0.0770053,1800.07,10202
instances/scenario3/not_correlated_sc3/800/kpfs_9.txt,1716,1891,0.101981,1800.15,10202
instances/scenario4/correlated_sc4/1000/kpfs_1.txt,2281,2365,0.036826,1800.03,13330
instances/scenario4/correlated_sc4/1000/kpfs_10.txt,2057,2151,0.0456976,1800.07,10292
instances/scenario4/correlated_sc4/1000/kpfs_2.txt,2223,2304,0.0364372,1800.05,10583
instances/scenario4/correlated_sc4/1000/kpfs_3.txt,2178,2262,0.0385675,1800.03,10231
instances/scenario4/correlated_sc4/1000/kpfs_4.txt,2130,2249,0.0558685,1800.03,10538
instances/scenario4/correlated_sc4/1000/kpfs_5.txt,2140,2252,0.0523364,1800.03,10501
instances/scenario4/correlated_sc4/1000/kpfs_6.txt,2169,2275,0.0488704,1800.03,13094
instances/scenario4/correlated_sc4/1000/kpfs_7.txt,2048,2141,0.0454102,1800.02,10658
instances/scenario4/correlated_sc4/1000/kpfs_8.txt,2185,2249,0.0292906,1800.03,13869
instances/scenario4/correlated_sc4/1000/kpfs_9.txt,2177,2249,0.033073,1800.04,10890
instances/scenario4/correlated_sc4/300/kpfs_1.txt,905,905,0,88.632,8054
instances/scenario4/correlated_sc4/300/kpfs_10.txt,881,881,0,852.947,116495
instances/scenario4/correlated_sc4/300/kpfs_2.txt,903,903,0,1311.4,182290
instances/scenario4/correlated_sc4/300/kpfs_3.txt,908,908,0,79.3402,10843
instances/scenario4/correlated_sc4/300/kpfs_4.txt,935,935,0,233.622,26128
instances/scenario4/correlated_sc4/300/kpfs_5.txt,895,895,0,86.7511,8314
instances/scenario4/correlated_sc4/300/kpfs_6.txt,922,922,0,681.707,100284
instances/scenario4/correlated_sc4/300/kpfs_7.txt,908,908,0,122.275,11783
instances/scenario4/correlated_sc4/300/kpfs_8.txt,933,933,0,270.254,33331
instances/scenario4/correlated_sc4/300/kpfs_9.txt,872,872,0,73.9432,11231
instances/scenario4/correlated_sc4/500/kpfs_1.txt,1303,1338,0.0268611,1800.04,76850
instances/scenario4/correlated_sc4/500/kpfs_10.txt,1305,1328,0.0176245,1800.02,79598
instances/scenario4/correlated_sc4/500/kpfs_2.txt,1336,1351,0.0112275,1800.04,84153
instances/scenario4/correlated_sc4/500/kpfs_3.txt,1328,1366,0.0286145,1800.04,70744
instances/scenario4/correlated_sc4/500/kpfs_4.txt,1338,1359,0.0156951,1800.03,94092
instances/scenario4/correlated_sc4/500/kpfs_5.txt,1322,1345,0.0173979,1800.03,87257
instances/scenario4/correlated_sc4/500/kpfs_6.txt,1370,1413,0.0313869,1800.03,46417
instances/scenario4/correlated_sc4/500/kpfs_7.txt,1290,1326,0.027907,1800.02,42838
instances/scenario4/correlated_sc4/500/kpfs_8.txt,1288,1320,0.0248447,1800.04,53517
instances/scenario4/correlated_sc4/500/kpfs_9.txt,1300,1337,0.0284615,1800.03,67587
instances/scenario4/correlated_sc4/700/kpfs_1.txt,1737,1781,0.025331,1800.02,27233
instances/scenario4/correlated_sc4/700/kpfs_10.txt,1802,1842,0.0221976,1800.06,36474
instances/scenario4/correlated_sc4/700/kpfs_2.txt,1736,1784,0.0276498,1800.03,42005
instances/scenario4/correlated_sc4/700/kpfs_3.txt,1725,1788,0.0365217,1800.02,29615
instances/scenario4/correlated_sc4/700/kpfs_4.txt,1706,1767,0.0357562,1800.03,32382
instances/scenario4/correlated_sc4/700/kpfs_5.txt,1692,1738,0.0271868,1800.04,35011
instances/scenario4/correlated_sc4/700/kpfs_6.txt,1823,1876,0.029073,1800.03,34863
instances/scenario4/correlated_sc4/700/kpfs_7.txt,1730,1775,0.0260116,1800.03,40104
instances/scenario4/correlated_sc4/700/kpfs_8.txt,1766,1829,0.0356738,1800.07,28171
instances/scenario4/correlated_sc4/700/kpfs_9.txt,1702,1757,0.0323149,1800.97,44104
instances/scenario4/correlated_sc4/800/kpfs_1.txt,1966,2030,0.0325534,1800.03,21649
instances/scenario4/correlated_sc4/800/kpfs_10.txt,1878,1946,0.0362087,1800.02,24732
instances/scenario4/correlated_sc4/800/kpfs_2.txt,1930,1975,0.0233161,1800.06,38814
instances/scenario4/correlated_sc4/800/kpfs_3.txt,1869,1948,0.0422686,1800.02,27025
instances/scenario4/correlated_sc4/800/kpfs_4.txt,1883,1936,0.0281466,1800.04,31494
instances/scenario4/correlated_sc4/800/kpfs_5.txt,1965,2039,0.037659,1800.02,20826
instances/scenario4/correlated_sc4/800/kpfs_6.txt,1873,1941,0.0363054,1800.04,24285
instances/scenario4/correlated_sc4/800/kpfs_7.txt,1846,1928,0.0444204,1800.02,30287
instances/scenario4/correlated_sc4/800/kpfs_8.txt,1915,1979,0.0334204,1800.04,32722
instances/scenario4/correlated_sc4/800/kpfs_9.txt,1833,1897,0.0349154,1800.03,37965
instances/scenario4/fully_correlated_sc4/1000/kpfs_1.txt,2375,2435,0.0252632,1800.39,12091
instances/scenario4/fully_correlated_sc4/1000/kpfs_10.txt,2189,2317,0.0584742,1800.12,10202
instances/scenario4/fully_correlated_sc4/1000/kpfs_2.txt,2296,2389,0.0405052,1800.04,10571
instances/scenario4/fully_correlated_sc4/1000/kpfs_3.txt,2263,2345,0.0362351,1800.04,10486
instances/scenario4/fully_correlated_sc4/1000/kpfs_4.txt,2235,2334,0.0442953,1800.03,10668
instances/scenario4/fully_correlated_sc4/1000/kpfs_5.txt,2218,2332,0.0513977,1800.03,10274
instances/scenario4/fully_correlated_sc4/1000/kpfs_6.txt,2251,2350,0.0439805,1800.04,10285
instances/scenario4/fully_correlated_sc4/1000/kpfs_7.txt,2193,2289,0.0437756,1800.02,10529
instances/scenario4/fully_correlated_sc4/1000/kpfs_8.txt,2291,2365,0.0323003,1800.04,11626
instances/scenario4/fully_correlated_sc4/1000/kpfs_9.txt,2239,2327,0.0393033,1800.06,10224
instances/scenario4/fully_correlated_sc4/300/kpfs_1.txt,900,900,0,76.9998,8100
instances/scenario4/fully_correlated_sc4/300/kpfs_10.txt,876,882,0.00684932,1800.02,236883
instances/scenario4/fully_correlated_sc4/300/kpfs_2.txt,898,898,0,774.819,90208
instances/scenario4/fully_correlated_sc4/300/kpfs_3.txt,900,900,0,177.013,24070
instances/scenario4/fully_correlated_sc4/300/kpfs_4.txt,930,930,0,141.1,20484
instances/scenario4/fully_correlated_sc4/300/kpfs_5.txt,881,881,0,570.69,82502
instances/scenario4/fully_correlated_sc4/300/kpfs_6.txt,906,906,0,1011.35,130040
instances/scenario4/fully_correlated_sc4/300/kpfs_7.txt,888,888,0,389.655,53177
instances/scenario4/fully_correlated_sc4/300/kpfs_8.txt,918,918,0,854.584,109912
instances/scenario4/fully_correlated_sc4/300/kpfs_9.txt,860,860,0,113.67,14768
instances/scenario4/fully_correlated_sc4/500/kpfs_1.txt,1309,1334,0.0190985,1800.05,75865
instances/scenario4/fully_correlated_sc4/500/kpfs_10.txt,1306,1333,0.0206738,1800.02,72328
instances/scenario4/fully_correlated_sc4/500/kpfs_2.txt,1329,1363,0.0255831,1800.03,68197
instances/scenario4/fully_correlated_sc4/500/kpfs_3.txt,1329,1367,0.0285929,1800.06,61299
instances/scenario4/fully_correlated_sc4/500/kpfs_4.txt,1338,1368,0.0224215,1804.62,60205
instances/scenario4/fully_correlated_sc4/500/kpfs_5.txt,1327,1345,0.0135644,1800.05,56766
instances/scenario4/fully_correlated_sc4/500/kpfs_6.txt,1371,1410,0.0284464,1800.09,36429
instances/scenario4/fully_correlated_sc4/500/kpfs_7.txt,1293,1325,0.0247486,1800.04,52355
instances/scenario4/fully_correlated_sc4/500/kpfs_8.txt,1298,1320,0.0169492,1800.04,61302
instances/scenario4/fully_correlated_sc4/500/kpfs_9.txt,1316,1344,0.0212766,1800.03,54647
instances/scenario4/fully_correlated_sc4/700/kpfs_1.txt,1761,1804,0.0244179,1800.02,26891
instances/scenario4/fully_correlated_sc4/700/kpfs_10.txt,1821,1874,0.0291049,1800.02,29713
instances/scenario4/fully_correlated_sc4/700/kpfs_2.txt,1752,1814,0.0353881,1800.01,18840
instances/scenario4/fully_correlated_sc4/700/kpfs_3.txt,1762,1816,0.030647,1800.02,23302
instances/scenario4/fully_correlated_sc4/700/kpfs_4.txt,1752,1793,0.0234018,1800.02,25870
instances/scenario4/fully_correlated_sc4/700/kpfs_5.txt,1719,1773,0.0314136,1800.06,31705
instances/scenario4/fully_correlated_sc4/700/kpfs_6.txt,1832,1887,0.0300218,1800.02,26275
instances/scenario4/fully_correlated_sc4/700/kpfs_7.txt,1775,1820,0.0253521,1800.02,23347
instances/scenario4/fully_correlated_sc4/700/kpfs_8.txt,1781,1834,0.0297586,1800.02,21665
instances/scenario4/fully_correlated_sc4/700/kpfs_9.txt,1742,1790,0.0275545,1800.03,39498
instances/scenario4/fully_correlated_sc4/800/kpfs_1.txt,1986,2053,0.0337362,1800.25,20418
instances/scenario4/fully_correlated_sc4/800/kpfs_10.txt,1922,1994,0.037461,1800.02,18157
instances/scenario4/fully_correlated_sc4/800/kpfs_2.txt,1969,2024,0.027933,1800.03,19826
instances/scenario4/fully_correlated_sc4/800/kpfs_3.txt,1932,2002,0.0362319,1800.02,17592
instances/scenario4/fully_correlated_sc4/800/kpfs_4.txt,1946,1992,0.0236382,1800.04,23280
instances/scenario4/fully_correlated_sc4/800/kpfs_5.txt,1981,2064,0.041898,1800.02,15531
instances/scenario4/fully_correlated_sc4/800/kpfs_6.txt,1923,1972,0.025481,1800.02,19260
instances/scenario4/fully_correlated_sc4/800/kpfs_7.txt,1892,1970,0.0412262,1800.03,22863
instances/scenario4/fully_correlated_sc4/800/kpfs_8.txt,1967,2033,0.0335536,1800.02,21681
instances/scenario4/fully_correlated_sc4/800/kpfs_9.txt,1896,1954,0.0305907,1800.02,25976
instances/scenario4/not_correlated_sc4/1000/kpfs_1.txt,1648,1719,0.0430825,1800.03,31593
instances/scenario4/not_correlated_sc4/1000/kpfs_10.txt,1429,1474,0.0314906,1800.06,13348
instances/scenario4/not_correlated_sc4/1000/kpfs_2.txt,1589,1651,0.0390183,1800.04,18081
instances/scenario4/not_correlated_sc4/1000/kpfs_3.txt,1498,1566,0.0453939,1800.03,14224
instances/scenario4/not_correlated_sc4/1000/kpfs_4.txt,1429,1489,0.0419874,1800.04,13786
instances/scenario4/not_correlated_sc4/1000/kpfs_5.txt,1494,1562,0.0455154,1800.03,16910
instances/scenario4/not_correlated_sc4/1000/kpfs_6.txt,1611,1682,0.044072,1800.03,20439
instances/scenario4/not_correlated_sc4/1000/kpfs_7.txt,1457,1539,0.05628,1800.03,19851
instances/scenario4/not_correlated_sc4/1000/kpfs_8.txt,1472,1531,0.0400815,1800.04,21630
instances/scenario4/not_correlated_sc4/1000/kpfs_9.txt,1511,1570,0.039047,1800.03,16015
instances/scenario4/not_correlated_sc4/300/kpfs_1.txt,907,907,0,15.9484,1346
instances/scenario4/not_correlated_sc4/300/kpfs_10.txt,890,890,0,8.57563,815
instances/scenario4/not_correlated_sc4/300/kpfs_2.txt,894,894,0,34.0663,3338
instances/scenario4/not_correlated_sc4/300/kpfs_3.txt,887,887,0,6.04931,1436
instances/scenario4/not_correlated_sc4/300/kpfs_4.txt,975,975,0,3.14787,87
instances/scenario4/not_correlated_sc4/300/kpfs_5.txt,916,916,0,13.6935,1161
instances/scenario4/not_correlated_sc4/300/kpfs_6.txt,981,981,0,9.81804,1440
instances/scenario4/not_correlated_sc4/300/kpfs_7.txt,848,848,0,32.7964,3737
instances/scenario4/not_correlated_sc4/300/kpfs_8.txt,937,937,0,8.10958,1070
instances/scenario4/not_correlated_sc4/300/kpfs_9.txt,864,864,0,11.5067,1678
instances/scenario4/not_correlated_sc4/500/kpfs_1.txt,1098,1098,0,157.907,10975
instances/scenario4/not_correlated_sc4/500/kpfs_10.txt,1171,1171,0,384.551,24292
instances/scenario4/not_correlated_sc4/500/kpfs_2.txt,1148,1148,0,850.903,64956
instances/scenario4/not_correlated_sc4/500/kpfs_3.txt,1239,1239,0,605.566,40462
instances/scenario4/not_correlated_sc4/500/kpfs_4.txt,1212,1212,0,41.7086,2725
instances/scenario4/not_correlated_sc4/500/kpfs_5.txt,1159,1159,0,219.131,16586
instances/scenario4/not_correlated_sc4/500/kpfs_6.txt,1284,1284,0,411.981,24504
instances/scenario4/not_correlated_sc4/500/kpfs_7.txt,1162,1162,0,147.783,7167
instances/scenario4/not_correlated_sc4/500/kpfs_8.txt,1116,1116,0,140.507,5976
instances/scenario4/not_correlated_sc4/500/kpfs_9.txt,1182,1182,0,477.992,24806
instances/scenario4/not_correlated_sc4/700/kpfs_1.txt,1344,1378,0.0252976,1800.04,43803
instances/scenario4/not_correlated_sc4/700/kpfs_10.txt,1470,1507,0.0251701,1800.03,55256
instances/scenario4/not_correlated_sc4/700/kpfs_2.txt,1361,1387,0.0191036,1800.05,55693
instances/scenario4/not_correlated_sc4/700/kpfs_3.txt,1467,1492,0.0170416,1800.05,53925
instances/scenario4/not_correlated_sc4/700/kpfs_4.txt,1412,1412,0,1138.81,52328
instances/scenario4/not_correlated_sc4/700/kpfs_5.txt,1305,1343,0.0291188,1800.04,55776
instances/scenario4/not_correlated_sc4/700/kpfs_6.txt,1555,1581,0.0167203,1800.05,44070
instances/scenario4/not_correlated_sc4/700/kpfs_7.txt,1388,1412,0.0172911,1800.05,50292
instances/scenario4/not_correlated_sc4/700/kpfs_8.txt,1486,1532,0.0309556,1800.03,29889
instances/scenario4/not_correlated_sc4/700/kpfs_9.txt,1328,1363,0.0263554,1800.05,51082
instances/scenario4/not_correlated_sc4/800/kpfs_1.txt,1554,1591,0.0238095,1800.04,37260
instances/scenario4/not_correlated_sc4/800/kpfs_10.txt,1365,1415,0.03663,1800.05,37535
instances/scenario4/not_correlated_sc4/800/kpfs_2.txt,1515,1548,0.0217822,1800.05,46268
instances/scenario4/not_correlated_sc4/800/kpfs_3.txt,1420,1449,0.0204225,1800.03,46354
instances/scenario4/not_correlated_sc4/800/kpfs_4.txt,1408,1418,0.00710227,1800.02,60956
instances/scenario4/not_correlated_sc4/800/kpfs_5.txt,1593,1652,0.037037,1800.02,24192
instances/scenario4/not_correlated_sc4/800/kpfs_6.txt,1384,1449,0.0469653,1800.01,29828
instances/scenario4/not_correlated_sc4/800/kpfs_7.txt,1378,1413,0.0253991,1800.05,38291
instances/scenario4/not_correlated_sc4/800/kpfs_8.txt,1518,1566,0.0316206,1800.04,33980
instances/scenario4/not_correlated_sc4/800/kpfs_9.txt,1411,1420,0.00637845,1800.05,71142
